trade_date,symbol,name,earnings_yield_pct,pe_zscore_5y,pb_zscore_5y,pe_percentile_5y,pb_percentile_5y,dividend_yield_percentile_5y,equity_risk_premium_pct,equity_bond_yield_ratio,dividend_bond_spread_pct,valuation_temperature
2026-05-22,000001,上证指数,0.7869,4.2021,0.9584,99.44,84.24,1.36,-0.965,0.4492,-0.5557,94.94
2026-05-22,000300,沪深300,4.5118,2.248,-1.0896,98.8,15.76,65.44,2.7599,2.5754,0.5038,57.26
2026-05-22,000688,科创50,0.7064,1.4173,0.0122,85.12,61.28,31.44,-1.0455,0.4032,-1.2209,69.78
2026-05-22,000852,中证1000,1.8174,2.1831,0.3022,96.56,57.44,50.56,0.0655,1.0374,-0.5524,66.92
2026-05-22,000905,中证500,2.9417,0.8146,1.6728,93.6,91.52,10.24,1.1898,1.6792,-0.1938,87.74
2026-05-22,000922,中证红利,8.4903,1.5312,-0.5771,93.2,27.84,5.12,6.7384,4.8464,2.4952,75.9
2026-05-22,000985,中证全指,0.8076,1.1043,1.3215,92.88,90.0,3.92,-0.9443,0.461,-0.7556,84.52
2026-05-22,399001,深证成指,1.9999,0.4073,0.529,96.8,68.96,33.04,0.248,1.1416,-0.3602,77.56
2026-05-22,399006,创业板指,1.3792,3.4532,0.6337,99.92,71.52,48.88,-0.3727,0.7872,-0.8757,77.06
2026-05-25,000001,上证指数,0.8053,4.0186,0.9579,98.96,84.24,1.44,-0.9431,0.4606,-0.5511,94.72
2026-05-25,000300,沪深300,4.499,2.2741,-1.0728,98.96,16.4,64.16,2.7506,2.5732,0.5036,57.86
2026-05-25,000688,科创50,0.6864,1.5108,0.0385,86.0,62.96,31.2,-1.062,0.3926,-1.2176,70.84
2026-05-25,000852,中证1000,1.8215,2.1629,0.3231,96.4,57.76,50.64,0.0731,1.0418,-0.5487,66.74
2026-05-25,000905,中证500,2.9359,0.8223,1.7537,93.68,92.32,9.92,1.1875,1.6792,-0.1972,88.06
2026-05-25,000922,中证红利,8.5029,1.516,-0.541,92.88,31.2,5.2,6.7545,4.8632,2.4992,76.44
2026-05-25,000985,中证全指,0.8173,1.0678,1.3046,91.76,89.36,4.4,-0.9311,0.4675,-0.7498,83.5
2026-05-25,399001,深证成指,1.9933,0.4119,0.5961,96.8,71.52,32.08,0.2449,1.14,-0.3614,78.48
2026-05-25,399006,创业板指,1.3676,3.5033,0.6464,99.92,72.08,48.56,-0.3808,0.7822,-0.8741,77.44
2026-05-26,000001,上证指数,0.7851,4.1554,0.8557,99.52,81.44,1.92,-0.9554,0.4511,-0.5385,94.06
2026-05-26,000300,沪深300,4.4461,2.4015,-1.0544,99.28,16.96,62.32,2.7056,2.5545,0.5025,58.94
2026-05-26,000688,科创50,0.6794,1.5436,-0.0002,86.32,60.48,31.12,-1.0611,0.3903,-1.2098,70.26
2026-05-26,000852,中证1000,1.8207,2.1643,0.2753,96.48,55.92,51.2,0.0802,1.0461,-0.5369,66.02
2026-05-26,000905,中证500,2.9152,0.8507,1.7563,94.8,92.56,9.44,1.1747,1.6749,-0.1938,88.66
2026-05-26,000922,中证红利,8.4864,1.5313,-0.5541,93.28,29.92,5.04,6.7459,4.8758,2.5053,76.38
2026-05-26,000985,中证全指,0.807,1.1035,1.1894,92.88,86.56,5.84,-0.9335,0.4636,-0.7351,82.82
2026-05-26,399001,深证成指,1.967,0.4314,0.5893,96.8,71.28,31.6,0.2265,1.1301,-0.3542,78.74
2026-05-26,399006,创业板指,1.3618,3.5218,0.6127,99.92,71.04,49.2,-0.3787,0.7824,-0.8623,76.98
2026-05-27,000001,上证指数,0.7921,4.0657,0.6538,99.12,74.0,3.92,-0.9295,0.4601,-0.5025,91.52
2026-05-27,000300,沪深300,4.4831,2.301,-1.1298,98.96,14.16,65.6,2.7615,2.604,0.536,56.86
2026-05-27,000688,科创50,0.6895,1.491,-0.0214,85.84,59.2,33.84,-1.0321,0.4005,-1.183,68.52
2026-05-27,000852,中证1000,1.8364,2.0932,0.1345,96.16,47.92,54.0,0.1148,1.0667,-0.4998,62.28
2026-05-27,000905,中证500,2.9482,0.8046,1.613,93.28,90.72,10.72,1.2266,1.7125,-0.1566,86.92
2026-05-27,000922,中证红利,8.5771,1.4348,-0.6415,91.12,22.56,7.04,6.8555,4.982,2.5764,72.72
2026-05-27,000985,中证全指,0.8086,1.0958,0.9897,92.56,83.12,8.8,-0.913,0.4697,-0.6995,80.52
2026-05-27,399001,深证成指,1.9915,0.4122,0.4682,96.72,66.0,34.24,0.2699,1.1568,-0.3192,76.26
2026-05-27,399006,创业板指,1.3854,3.3799,0.569,99.28,69.68,50.56,-0.3362,0.8047,-0.8362,75.68
2026-05-28,000001,上证指数,0.8285,3.7531,0.647,98.72,73.76,4.72,-0.8908,0.4819,-0.4953,91.14
2026-05-28,000300,沪深300,4.5274,2.1851,-1.1988,98.4,11.44,69.92,2.8081,2.6333,0.5604,54.62
2026-05-28,000688,科创50,0.6934,1.4698,-0.0045,85.44,60.24,33.44,-1.0259,0.4033,-1.1817,68.62
2026-05-28,000852,中证1000,1.8521,2.0234,0.1209,95.92,47.2,55.28,0.1328,1.0772,-0.4908,61.02
2026-05-28,000905,中证500,2.9756,0.7671,1.5818,91.84,90.24,12.08,1.2563,1.7307,-0.1407,85.76
2026-05-28,000922,中证红利,8.6359,1.373,-0.6589,90.16,21.76,7.92,6.9166,5.0229,2.6056,71.54
2026-05-28,000985,中证全指,0.8246,1.0372,1.0143,90.88,83.44,9.12,-0.8947,0.4796,-0.6946,79.5
2026-05-28,399001,深证成指,2.0097,0.3981,0.4531,96.4,65.2,35.76,0.2904,1.1689,-0.305,75.38
2026-05-28,399006,创业板指,1.3864,3.3628,0.5448,99.04,69.36,51.28,-0.3329,0.8064,-0.8292,75.32
2026-05-29,000001,上证指数,0.8277,3.735,0.5633,98.72,69.76,5.04,-0.8813,0.4843,-0.4831,90.04
2026-05-29,000300,沪深300,4.5203,2.1971,-1.1129,98.48,14.4,65.28,2.8113,2.645,0.5468,56.5
2026-05-29,000688,科创50,0.6884,1.4922,-0.1237,85.84,53.2,37.92,-1.0206,0.4028,-1.1609,65.6
2026-05-29,000852,中证1000,1.8572,1.9998,0.0797,95.76,45.36,55.68,0.1482,1.0867,-0.4783,59.94
2026-05-29,000905,中证500,2.986,0.753,1.5669,91.68,89.76,11.28,1.277,1.7472,-0.1359,85.58
2026-05-29,000922,中证红利,8.5166,1.4942,-0.4774,92.4,36.24,6.0,6.8076,4.9834,2.556,77.14
2026-05-29,000985,中证全指,0.83,1.017,0.8911,90.72,81.36,10.48,-0.879,0.4857,-0.6782,78.2
2026-05-29,399001,深证成指,2.0462,0.3711,0.4311,95.6,64.16,35.44,0.3372,1.1973,-0.2957,74.86
2026-05-29,399006,创业板指,1.4137,3.2092,0.4581,98.56,68.32,54.08,-0.2953,0.8272,-0.8087,73.86
2026-06-01,000001,上证指数,0.8224,3.7511,0.7355,98.72,76.88,2.32,-0.8785,0.4835,-0.4921,92.48
2026-06-01,000300,沪深300,4.4626,2.3348,-1.0437,99.12,17.36,60.48,2.7617,2.6237,0.536,59.02
2026-06-01,000688,科创50,0.6904,1.48,-0.1716,85.68,49.44,38.96,-1.0105,0.4059,-1.1482,64.24
2026-06-01,000852,中证1000,1.8439,2.0553,0.1937,96.0,51.84,52.96,0.143,1.0841,-0.4856,62.44
2026-06-01,000905,中证500,2.9641,0.7824,1.6708,92.32,91.76,10.0,1.2632,1.7427,-0.1427,86.7
2026-06-01,000922,中证红利,8.388,1.6284,-0.2705,95.28,50.88,3.6,6.6871,4.9315,2.4927,82.96
2026-06-01,000985,中证全指,0.8286,1.0203,1.0573,90.72,84.4,8.0,-0.8723,0.4872,-0.6851,79.34
2026-06-01,399001,深证成指,2.0341,0.3794,0.4991,95.68,67.44,34.56,0.3332,1.1959,-0.2958,75.94
2026-06-01,399006,创业板指,1.4259,3.1376,0.4744,98.4,68.56,53.44,-0.275,0.8383,-0.8023,73.82
2026-06-02,000001,上证指数,0.825,3.7081,0.6055,98.64,72.0,4.08,-0.8786,0.4843,-0.4837,90.8
2026-06-02,000300,沪深300,4.4341,2.4004,-1.0676,99.44,16.48,61.2,2.7305,2.6028,0.5364,59.0
2026-06-02,000688,科创50,0.6811,1.5233,-0.2022,86.24,47.04,40.16,-1.0225,0.3998,-1.1475,63.78
2026-06-02,000852,中证1000,1.8499,2.0275,0.0988,95.84,46.24,54.88,0.1463,1.0859,-0.4766,60.4
2026-06-02,000905,中证500,2.9683,0.7766,1.5988,91.92,90.48,10.56,1.2647,1.7424,-0.1386,86.14
2026-06-02,000922,中证红利,8.3829,1.6316,-0.3002,95.36,49.12,4.08,6.6793,4.9207,2.5058,82.46
2026-06-02,000985,中证全指,0.826,1.0277,0.9348,90.72,81.92,9.28,-0.8776,0.4849,-0.6779,78.6
2026-06-02,399001,深证成指,2.0205,0.3888,0.4435,95.92,64.64,35.2,0.3169,1.186,-0.2922,75.16
2026-06-02,399006,创业板指,1.4212,3.1532,0.4323,98.4,67.84,55.76,-0.2824,0.8342,-0.7988,73.16
2026-06-03,000001,上证指数,0.814,3.7672,0.5266,98.72,66.96,5.92,-0.8988,0.4752,-0.4828,89.14
2026-06-03,000300,沪深300,4.4356,2.3897,-1.131,99.28,13.92,64.72,2.7228,2.5897,0.5412,57.52
2026-06-03,000688,科创50,0.6735,1.559,-0.2018,86.8,47.04,40.4,-1.0393,0.3932,-1.1562,64.38
2026-06-03,000852,中证1000,1.8626,1.9712,0.0315,95.52,43.36,57.12,0.1498,1.0875,-0.473,58.96
2026-06-03,000905,中证500,2.9763,0.7657,1.5369,91.6,89.36,11.76,1.2635,1.7377,-0.1357,85.5
2026-06-03,000922,中证红利,8.4604,1.5467,-0.3772,93.92,44.56,5.6,6.7476,4.9395,2.5367,80.08
2026-06-03,000985,中证全指,0.8278,1.0201,0.8544,90.64,80.56,11.04,-0.885,0.4833,-0.6773,78.06
2026-06-03,399001,深证成指,2.0154,0.3921,0.386,96.16,62.08,38.56,0.3026,1.1767,-0.291,73.84
2026-06-03,399006,创业板指,1.4162,3.1701,0.3859,98.48,67.36,58.16,-0.2966,0.8268,-0.8002,72.64
2026-06-04,000001,上证指数,0.8347,3.5914,0.3799,98.32,59.52,7.92,-0.8734,0.4887,-0.4604,86.54
2026-06-04,000300,沪深300,4.501,2.2199,-1.239,98.4,9.36,71.52,2.7929,2.6351,0.5823,53.82
2026-06-04,000688,科创50,0.7011,1.4219,-0.1549,84.88,50.72,41.92,-1.007,0.4105,-1.1451,63.54
2026-06-04,000852,中证1000,1.8943,1.838,-0.092,94.96,39.6,62.48,0.1862,1.109,-0.449,55.48
2026-06-04,000905,中证500,3.0163,0.7125,1.4079,90.24,87.28,13.2,1.3082,1.7659,-0.1117,83.64
2026-06-04,000922,中证红利,8.5618,1.4391,-0.4581,90.96,37.52,7.04,6.8537,5.0125,2.5787,76.46
2026-06-04,000985,中证全指,0.8395,0.9786,0.7103,90.08,79.12,14.48,-0.8686,0.4915,-0.6564,76.16
2026-06-04,399001,深证成指,2.0398,0.3739,0.268,95.44,59.04,43.52,0.3317,1.1942,-0.2665,71.56
2026-06-04,399006,创业板指,1.4207,3.1389,0.3205,98.32,67.04,60.56,-0.2874,0.8317,-0.7814,71.8
2026-06-05,000001,上证指数,0.841,3.5258,0.4196,98.24,61.52,7.68,-0.8797,0.4887,-0.4746,87.16
2026-06-05,000300,沪深300,4.5113,2.1889,-1.2315,98.24,9.84,71.84,2.7906,2.6218,0.5728,53.88
2026-06-05,000688,科创50,0.694,1.4534,-0.2084,85.04,46.56,42.16,-1.0267,0.4033,-1.1562,63.04
2026-06-05,000852,中证1000,1.9039,1.7979,-0.0769,94.48,39.84,62.4,0.1832,1.1065,-0.4617,55.56
2026-06-05,000905,中证500,3.0392,0.6827,1.3656,89.12,86.64,14.56,1.3185,1.7663,-0.1178,82.64
2026-06-05,000922,中证红利,8.5015,1.4998,-0.384,92.64,44.16,6.4,6.7808,4.9407,2.5473,79.3
2026-06-05,000985,中证全指,0.8461,0.9554,0.7664,89.52,79.52,13.36,-0.8746,0.4917,-0.6732,76.64
2026-06-05,399001,深证成指,2.0673,0.354,0.2419,94.72,57.68,44.32,0.3466,1.2014,-0.2751,70.74
2026-06-05,399006,创业板指,1.4369,3.0498,0.2999,98.08,66.8,60.64,-0.2838,0.8351,-0.7935,71.62
2026-06-08,000001,上证指数,0.8652,3.3413,0.1512,98.16,50.24,13.84,-0.8623,0.5008,-0.4559,82.66
2026-06-08,000300,沪深300,4.5439,2.1046,-1.3654,97.68,6.56,75.52,2.8164,2.6303,0.5981,51.74
2026-06-08,000688,科创50,0.6857,1.4917,-0.3108,85.76,42.4,46.16,-1.0418,0.3969,-1.1486,61.64
2026-06-08,000852,中证1000,1.9562,1.5911,-0.295,93.12,35.52,66.48,0.2287,1.1324,-0.4363,51.68
2026-06-08,000905,中证500,3.1199,0.5812,1.0894,86.96,83.84,23.92,1.3924,1.806,-0.0871,77.62
2026-06-08,000922,中证红利,8.5507,1.447,-0.4541,91.2,37.68,7.76,6.8232,4.9498,2.5799,76.68
2026-06-08,000985,中证全指,0.8683,0.8822,0.5131,86.72,75.44,22.24,-0.8592,0.5026,-0.6553,72.2
2026-06-08,399001,深证成指,2.1211,0.317,0.0126,93.92,47.84,55.36,0.3936,1.2279,-0.2436,64.94
2026-06-08,399006,创业板指,1.4947,2.7694,0.1142,97.92,60.48,67.12,-0.2328,0.8652,-0.7636,67.94
2026-06-09,000001,上证指数,0.8557,3.3871,0.1917,98.16,51.68,12.96,-0.8819,0.4925,-0.4689,83.38
2026-06-09,000300,沪深300,4.518,2.162,-1.3201,98.08,7.52,74.8,2.7804,2.6001,0.5813,52.62
2026-06-09,000688,科创50,0.6894,1.4712,-0.2429,85.52,44.64,44.08,-1.0482,0.3968,-1.1643,62.8
2026-06-09,000852,中证1000,1.9403,1.6517,-0.2601,93.36,36.32,66.16,0.2027,1.1167,-0.4494,52.8
2026-06-09,000905,中证500,3.0895,0.619,1.1468,87.28,84.8,21.84,1.3519,1.778,-0.1055,79.28
2026-06-09,000922,中证红利,8.5265,1.4702,-0.4496,91.92,38.08,7.76,6.7889,4.9071,2.5661,77.22
2026-06-09,000985,中证全指,0.8512,0.9358,0.5665,88.88,76.4,20.4,-0.8864,0.4899,-0.6696,74.36
2026-06-09,399001,深证成指,2.0868,0.3397,0.0753,94.4,50.24,52.96,0.3492,1.201,-0.2634,66.66
2026-06-09,399006,创业板指,1.4641,2.9054,0.2108,97.92,65.2,65.44,-0.2735,0.8426,-0.7855,69.86
2026-06-10,000001,上证指数,0.8455,3.4381,0.1283,98.16,49.6,14.72,-0.9021,0.4838,-0.4734,82.46
2026-06-10,000300,沪深300,4.5361,2.1129,-1.2995,97.6,7.92,74.88,2.7885,2.5956,0.5716,52.52
2026-06-10,000688,科创50,0.7517,1.1927,-0.2823,81.44,43.44,48.56,-0.9959,0.4301,-1.1608,58.98
2026-06-10,000852,中证1000,1.9482,1.6198,-0.3054,93.12,34.8,66.64,0.2006,1.1148,-0.455,52.32
2026-06-10,000905,中证500,3.1069,0.5974,1.0857,87.2,83.68,22.96,1.3593,1.7778,-0.1103,78.52
2026-06-10,000922,中证红利,8.5034,1.4925,-0.4395,92.32,38.8,7.84,6.7558,4.8657,2.5561,77.68
2026-06-10,000985,中证全指,0.8521,0.9315,0.4794,88.56,74.64,24.08,-0.8955,0.4876,-0.6723,73.16
2026-06-10,399001,深证成指,2.1179,0.3183,0.0183,93.84,48.0,55.2,0.3703,1.2119,-0.265,65.28
2026-06-10,399006,创业板指,1.512,2.6793,0.1581,97.76,62.4,66.56,-0.2356,0.8652,-0.7862,68.58
2026-06-11,000001,上证指数,0.8346,3.495,0.0314,98.32,45.04,17.68,-0.9129,0.4776,-0.464,80.62
2026-06-11,000300,沪深300,4.5366,2.1062,-1.3333,97.52,7.12,75.36,2.7891,2.5961,0.5763,52.18
2026-06-11,000688,科创50,0.7355,1.2585,-0.2811,82.4,43.52,48.64,-1.012,0.4209,-1.1591,59.58
2026-06-11,000852,中证1000,1.9638,1.5606,-0.4127,92.96,31.76,68.88,0.2163,1.1238,-0.4391,50.48
2026-06-11,000905,中证500,3.1285,0.5709,0.988,86.72,82.8,25.36,1.381,1.7903,-0.0963,77.12
2026-06-11,000922,中证红利,8.5538,1.4384,-0.4896,90.96,34.48,8.96,6.8063,4.8949,2.5838,75.68
2026-06-11,000985,中证全指,0.8562,0.9167,0.3606,88.0,69.76,30.88,-0.8913,0.49,-0.6609,70.06
2026-06-11,399001,深证成指,2.1258,0.3126,-0.0701,93.68,46.8,58.08,0.3783,1.2165,-0.2533,64.14
2026-06-11,399006,创业板指,1.509,2.6865,0.092,97.76,58.96,68.08,-0.2385,0.8635,-0.7795,67.38
2026-06-12,000001,上证指数,0.811,3.6444,0.203,98.72,52.16,11.68,-0.9317,0.4654,-0.4785,84.02
2026-06-12,000300,沪深300,4.4542,2.3021,-1.1947,98.96,11.36,71.36,2.7115,2.5559,0.5505,55.34
2026-06-12,000688,科创50,0.7241,1.3061,-0.242,83.2,44.8,45.76,-1.0186,0.4155,-1.1643,60.94
2026-06-12,000852,中证1000,1.9172,1.7429,-0.276,94.16,36.0,65.68,0.1745,1.1001,-0.4567,53.98
2026-06-12,000905,中证500,3.0662,0.6484,1.1953,87.76,85.6,18.72,1.3235,1.7595,-0.1211,81.02
2026-06-12,000922,中证红利,8.4468,1.5477,-0.3316,94.08,47.44,6.72,6.7041,4.847,2.5307,81.08
2026-06-12,000985,中证全指,0.8311,0.9989,0.5016,90.4,75.12,21.12,-0.9116,0.4769,-0.6724,75.08
2026-06-12,399001,深证成指,2.0811,0.3424,0.077,94.4,50.32,51.92,0.3384,1.1942,-0.2714,67.08
2026-06-12,399006,创业板指,1.4797,2.8124,0.1666,97.84,63.2,65.52,-0.263,0.8491,-0.7893,69.24
2026-06-15,000001,上证指数,1.1827,1.741,0.2988,94.64,56.64,10.8,-0.5619,0.6779,-0.4829,82.84
2026-06-15,000300,沪深300,4.4133,2.3978,-0.7643,99.68,24.48,50.08,2.6687,2.5297,0.4655,64.46
2026-06-15,000688,科创50,0.5396,2.3859,0.1309,97.52,67.68,27.04,-1.205,0.3093,-1.2343,79.0
2026-06-15,000852,中证1000,2.0104,1.3886,0.2091,92.16,52.48,52.24,0.2658,1.1524,-0.5289,58.66
2026-06-15,000905,中证500,2.8721,0.9113,1.7933,96.88,92.8,8.24,1.1275,1.6463,-0.2031,90.26
2026-06-15,000922,中证红利,8.4827,1.508,-0.4016,93.2,42.8,7.36,6.7381,4.8623,2.5457,79.34
2026-06-15,000985,中证全指,0.8054,1.0885,0.6785,92.96,78.56,15.44,-0.9392,0.4616,-0.6895,78.86
2026-06-15,399001,深证成指,1.986,0.4106,0.8758,96.72,78.88,28.8,0.2414,1.1383,-0.3626,81.42
2026-06-15,399006,创业板指,1.3327,3.5503,1.0551,100.0,83.76,39.12,-0.4119,0.7639,-0.9303,83.4
2026-06-16,000001,上证指数,1.2017,1.6719,0.2605,94.48,54.64,14.0,-0.5307,0.6937,-0.4611,80.64
2026-06-16,000300,沪深300,4.471,2.247,-0.8566,98.72,22.56,60.56,2.7386,2.5808,0.5086,60.58
2026-06-16,000688,科创50,0.5499,2.2991,0.155,96.56,68.64,26.96,-1.1825,0.3174,-1.2235,78.68
2026-06-16,000852,中证1000,2.0217,1.3486,0.1972,92.08,51.92,53.12,0.2893,1.167,-0.5104,57.7
2026-06-16,000905,中证500,2.8987,0.8728,1.7296,95.68,92.48,9.04,1.1663,1.6732,-0.1769,89.26
2026-06-16,000922,中证红利,8.6177,1.3676,-0.5601,89.28,28.16,9.36,6.8853,4.9744,2.6218,72.88
2026-06-16,000985,中证全指,0.8166,1.0465,0.6667,91.52,78.32,17.76,-0.9158,0.4714,-0.6712,77.1
2026-06-16,399001,深证成指,1.9957,0.4027,0.8449,96.48,78.16,32.16,0.2633,1.152,-0.3388,80.1
2026-06-16,399006,创业板指,1.3269,3.5668,1.0784,100.0,84.16,39.52,-0.4055,0.766,-0.917,83.34
2026-06-17,000001,上证指数,1.1942,1.694,0.1593,94.48,50.24,17.68,-0.5328,0.6915,-0.4439,78.66
2026-06-17,000300,沪深300,4.4789,2.2217,-0.8614,98.48,22.4,62.48,2.7519,2.5934,0.5209,59.84
2026-06-17,000688,科创50,0.5232,2.5036,0.1863,97.84,70.24,26.56,-1.2038,0.303,-1.2245,79.78
2026-06-17,000852,中证1000,2.0285,1.3258,0.1247,92.0,47.44,55.2,0.3015,1.1746,-0.4933,55.84
2026-06-17,000905,中证500,2.9062,0.862,1.6734,94.96,91.76,10.0,1.1792,1.6828,-0.1611,88.6
2026-06-17,000922,中证红利,8.6858,1.2978,-0.6656,88.4,20.48,10.32,6.9588,5.0294,2.6711,69.58
2026-06-17,000985,中证全指,0.8076,1.0773,0.5684,92.72,76.32,22.0,-0.9194,0.4676,-0.656,75.96
2026-06-17,399001,深证成指,2.0065,0.3942,0.8061,96.32,77.76,33.2,0.2795,1.1618,-0.3246,79.44
2026-06-17,399006,创业板指,1.322,3.5792,1.0716,100.0,84.0,39.84,-0.405,0.7655,-0.9094,83.2
2026-06-18,000001,上证指数,1.2098,1.638,0.0573,94.24,46.32,22.24,-0.5201,0.6993,-0.4315,76.1
2026-06-18,000300,沪深300,4.5913,1.9482,-1.0586,96.64,16.48,71.84,2.8614,2.6541,0.5666,54.54
2026-06-18,000688,科创50,0.5122,2.5885,0.1788,98.32,69.92,26.8,-1.2177,0.2961,-1.2227,80.12
2026-06-18,000852,中证1000,2.0454,1.2683,0.0436,92.0,44.56,58.8,0.3155,1.1824,-0.4833,53.66
2026-06-18,000905,中证500,2.9602,0.7869,1.5209,92.24,89.2,12.48,1.2303,1.7112,-0.1381,86.06
2026-06-18,000922,中证红利,8.908,1.0812,-0.8907,84.32,12.56,13.12,7.1781,5.1494,2.762,64.9
2026-06-18,000985,中证全指,0.8161,1.0451,0.4764,91.44,74.32,29.36,-0.9138,0.4717,-0.6466,73.16
2026-06-18,399001,深证成指,2.03,0.3765,0.6986,95.36,75.28,36.64,0.3001,1.1735,-0.3107,77.6
2026-06-18,399006,创业板指,1.3089,3.6371,1.1003,100.0,84.72,40.08,-0.421,0.7566,-0.9114,83.5
2026-06-22,000001,上证指数,1.198,1.6741,0.1356,94.4,49.44,20.88,-0.5395,0.6895,-0.4451,77.76
2026-06-22,000300,沪深300,4.4782,2.2125,-0.874,98.48,21.76,62.96,2.7407,2.5774,0.5138,59.74
2026-06-22,000688,科创50,0.5044,2.6483,0.2544,98.56,73.52,26.48,-1.2331,0.2903,-1.2344,81.48
2026-06-22,000852,中证1000,2.0345,1.3092,0.1034,92.08,46.64,57.84,0.297,1.1709,-0.4945,55.08
2026-06-22,000905,中证500,2.9192,0.8433,1.6829,94.4,91.84,10.96,1.1817,1.6801,-0.161,88.22
2026-06-22,000922,中证红利,8.846,1.1392,-0.8105,85.12,14.48,12.4,7.1085,5.0912,2.7283,66.08
2026-06-22,000985,中证全指,0.8076,1.0738,0.5493,92.56,75.92,25.36,-0.9299,0.4648,-0.6608,75.42
2026-06-22,399001,深证成指,1.9804,0.4128,0.8522,96.72,78.4,32.64,0.2429,1.1398,-0.3393,80.4
2026-06-22,399006,创业板指,1.2696,3.8513,1.2076,100.0,86.88,35.6,-0.4679,0.7307,-0.9329,85.34
2026-06-23,000001,上证指数,1.2176,1.6055,0.1441,94.08,49.6,21.12,-0.5261,0.6983,-0.4502,77.32
2026-06-23,000300,沪深300,4.538,2.063,-0.9784,97.04,19.36,69.84,2.7943,2.6025,0.539,56.44
2026-06-23,000688,科创50,0.4847,2.8201,0.1845,99.68,70.24,26.96,-1.259,0.278,-1.234,81.16
2026-06-23,000852,中证1000,2.0518,1.2502,0.0534,92.0,44.8,59.84,0.3081,1.1767,-0.4941,53.76
2026-06-23,000905,中证500,2.9626,0.7832,1.548,92.0,89.84,12.56,1.2189,1.6991,-0.149,86.3
2026-06-23,000922,中证红利,8.8555,1.1292,-0.7968,84.96,14.96,12.56,7.1118,5.0786,2.7344,66.12
2026-06-23,000985,中证全指,0.8239,1.0144,0.5614,90.64,76.24,25.28,-0.9198,0.4725,-0.6671,74.66
2026-06-23,399001,深证成指,2.0196,0.3831,0.7168,95.6,76.08,36.4,0.2759,1.1583,-0.3254,78.16
2026-06-23,399006,创业板指,1.3183,3.5495,1.0765,99.84,83.92,40.64,-0.4254,0.756,-0.9227,83.16
2026-06-24,000001,上证指数,1.2033,1.6498,-0.0665,94.16,39.52,26.48,-0.5421,0.6894,-0.4312,73.88
2026-06-24,000300,沪深300,4.5677,1.9882,-1.1219,96.8,13.92,74.32,2.8223,2.617,0.5689,53.6
2026-06-24,000688,科创50,0.4727,2.9264,0.1866,100.0,70.32,26.96,-1.2727,0.2708,-1.2353,81.52
2026-06-24,000852,中证1000,2.0541,1.2441,-0.069,91.92,40.48,63.2,0.3087,1.1768,-0.4794,51.8
2026-06-24,000905,中证500,2.9711,0.7716,1.4408,91.28,87.92,15.68,1.2257,1.7022,-0.1342,84.78
2026-06-24,000922,中证红利,8.9835,1.0076,-1.0019,82.96,11.12,15.2,7.2381,5.147,2.8081,63.24
2026-06-24,000985,中证全指,0.8055,1.0782,0.3741,92.88,69.84,35.12,-0.9399,0.4615,-0.6514,71.9
2026-06-24,399001,深证成指,1.9947,0.4011,0.641,96.4,73.6,39.68,0.2493,1.1428,-0.3162,77.28
2026-06-24,399006,创业板指,1.294,3.6742,1.0908,99.92,84.4,41.44,-0.4514,0.7414,-0.9202,83.24
2026-06-25,000001,上证指数,1.2206,1.5892,-0.1948,93.92,34.56,32.64,-0.5145,0.7035,-0.4039,70.24
2026-06-25,000300,沪深300,4.5704,1.9774,-1.1323,96.72,13.28,74.56,2.8353,2.6341,0.5827,53.28
2026-06-25,000688,科创50,0.4631,3.0128,0.2216,100.0,72.16,26.16,-1.272,0.2669,-1.2342,82.16
2026-06-25,000852,中证1000,2.0865,1.1335,-0.1672,91.52,38.64,65.28,0.3514,1.2025,-0.4518,49.34
2026-06-25,000905,中证500,2.9811,0.7579,1.4033,90.96,86.96,18.56,1.246,1.7181,-0.1139,83.4
2026-06-25,000922,中证红利,9.0606,0.9359,-1.0986,80.48,9.28,16.96,7.3255,5.2219,2.8654,61.08
2026-06-25,000985,中证全指,0.8164,1.0376,0.2294,91.2,59.84,43.44,-0.9187,0.4705,-0.6254,66.1
2026-06-25,399001,深证成指,1.9984,0.3978,0.607,96.24,72.24,40.72,0.2633,1.1517,-0.3023,76.5
2026-06-25,399006,创业板指,1.2878,3.6903,1.0762,99.92,83.84,40.8,-0.4473,0.7422,-0.9124,83.22
2026-06-26,000001,上证指数,1.2433,1.5135,-0.4488,93.84,26.16,39.44,-0.4881,0.7181,-0.3699,65.72
2026-06-26,000300,沪深300,4.7108,1.6558,-1.3166,95.2,7.2,79.52,2.9794,2.7208,0.6356,48.68
2026-06-26,000688,科创50,0.4655,2.974,0.1533,99.92,68.32,26.48,-1.2659,0.2689,-1.2275,81.0
2026-06-26,000852,中证1000,2.1401,0.957,-0.3836,88.24,32.48,69.28,0.4087,1.236,-0.4166,43.84
2026-06-26,000905,中证500,3.0774,0.6326,1.0909,87.52,83.36,28.0,1.346,1.7774,-0.0644,77.62
2026-06-26,000922,中证红利,9.217,0.7949,-1.2831,76.32,5.52,21.84,7.4856,5.3234,2.9598,56.3
2026-06-26,000985,中证全指,0.8408,0.9522,-0.0177,89.12,46.32,53.52,-0.8906,0.4856,-0.593,58.78
2026-06-26,399001,深证成指,2.0954,0.3282,0.3545,93.52,61.68,52.8,0.364,1.2102,-0.2571,69.32
2026-06-26,399006,创业板指,1.321,3.4834,0.8738,99.6,79.36,45.2,-0.4104,0.7629,-0.883,80.68
2026-06-29,000001,上证指数,1.2173,1.5941,-0.3881,94.0,27.44,35.6,-0.4997,0.7089,-0.369,67.2
2026-06-29,000300,沪深300,4.6719,1.7384,-1.2374,95.52,9.12,77.2,2.9549,2.721,0.6268,50.32
2026-06-29,000688,科创50,0.4265,3.396,0.2385,100.0,72.72,25.36,-1.2905,0.2484,-1.2224,82.8
2026-06-29,000852,中证1000,2.1228,1.015,-0.3499,89.52,33.36,68.16,0.4058,1.2364,-0.4133,44.78
2026-06-29,000905,中证500,3.0288,0.6942,1.19,88.88,84.96,24.16,1.3118,1.764,-0.0739,80.02
2026-06-29,000922,中证红利,9.1828,0.8247,-1.2367,77.36,6.96,19.84,7.4658,5.3481,2.9524,57.58
2026-06-29,000985,中证全指,0.8221,1.0147,0.0074,90.56,48.16,50.4,-0.8949,0.4788,-0.5868,60.5
2026-06-29,399001,深证成指,2.0812,0.3374,0.4197,93.68,63.52,46.4,0.3642,1.2121,-0.2598,71.4
2026-06-29,399006,创业板指,1.3126,3.5114,1.0057,99.68,82.16,42.96,-0.4044,0.7645,-0.8856,81.88
2026-06-30,000001,上证指数,1.2322,1.5428,-0.4166,93.76,26.64,38.64,-0.5008,0.711,-0.3752,66.22
2026-06-30,000300,沪深300,4.7234,1.6217,-1.3387,94.88,6.56,79.76,2.9904,2.7256,0.6376,48.12
2026-06-30,000688,科创50,0.4229,3.4216,0.3365,100.0,76.8,24.48,-1.3101,0.244,-1.2509,84.22
2026-06-30,000852,中证1000,2.1275,1.0016,-0.3477,89.36,33.44,68.64,0.3945,1.2276,-0.4251,45.12
2026-06-30,000905,中证500,3.0373,0.683,1.1708,88.56,84.72,26.4,1.3043,1.7526,-0.0773,79.52
2026-06-30,000922,中证红利,9.372,0.6595,-1.4531,71.2,2.24,29.28,7.639,5.4079,3.0296,51.12
2026-06-30,000985,中证全指,0.8272,0.9953,0.0088,89.92,48.16,52.32,-0.9058,0.4773,-0.598,60.26
2026-06-30,399001,深证成指,2.0627,0.3498,0.4348,94.16,64.0,47.2,0.3297,1.1902,-0.2731,71.72
2026-06-30,399006,创业板指,1.276,3.7054,1.0847,99.92,84.16,39.2,-0.457,0.7363,-0.917,83.82
2026-07-01,000001,上证指数,1.2266,1.5578,-0.1828,93.76,34.88,32.88,-0.5182,0.703,-0.4132,70.34
2026-07-01,000300,沪深300,4.6809,1.7117,-1.1978,95.28,10.56,76.56,2.9361,2.6828,0.591,51.0
2026-07-01,000688,科创50,0.4419,3.1807,0.3696,99.84,77.76,24.56,-1.3029,0.2532,-1.2608,84.36
2026-07-01,000852,中证1000,2.0951,1.1112,-0.1593,91.28,39.12,64.8,0.3503,1.2008,-0.4645,49.68
2026-07-01,000905,中证500,2.9863,0.7498,1.3839,90.64,86.8,19.28,1.2415,1.7115,-0.1206,83.3
2026-07-01,000922,中证红利,9.2464,0.7673,-1.2974,75.12,5.2,20.08,7.5016,5.2994,2.9303,56.22
2026-07-01,000985,中证全指,0.8273,0.9934,0.2342,89.84,60.24,44.16,-0.9175,0.4741,-0.634,65.7
2026-07-01,399001,深证成指,2.0422,0.3639,0.6218,94.72,73.2,39.52,0.2974,1.1704,-0.3142,76.26
2026-07-01,399006,创业板指,1.2771,3.6816,1.1896,99.84,86.48,33.6,-0.4677,0.7319,-0.9494,85.82
2026-07-02,000001,上证指数,1.2066,1.6201,-0.1952,94.08,34.48,30.72,-0.5344,0.6931,-0.4146,71.32
2026-07-02,000300,沪深300,4.6777,1.7152,-1.2077,95.36,9.76,76.56,2.9367,2.6868,0.5959,50.82
2026-07-02,000688,科创50,0.4372,3.2177,0.2603,99.84,74.0,24.8,-1.3038,0.2511,-1.2514,83.38
2026-07-02,000852,中证1000,2.0817,1.1581,-0.1783,92.0,38.64,64.16,0.3407,1.1957,-0.4646,50.28
2026-07-02,000905,中证500,2.9891,0.7458,1.3298,90.56,85.84,18.72,1.2481,1.7169,-0.1181,83.04
2026-07-02,000922,中证红利,9.1515,0.8505,-1.195,78.0,7.92,17.2,7.4105,5.2564,2.8796,59.18
2026-07-02,000985,中证全指,0.8133,1.0408,0.2143,91.52,58.8,42.48,-0.9277,0.4672,-0.6329,66.62
2026-07-02,399001,深证成指,2.0488,0.3587,0.567,94.48,70.8,40.56,0.3078,1.1768,-0.3074,75.24
2026-07-02,399006,创业板指,1.3219,3.4123,1.0726,99.28,83.52,36.56,-0.4191,0.7593,-0.9324,83.9
2026-07-03,000001,上证指数,1.1814,1.7023,-0.0799,94.64,38.96,25.04,-0.5649,0.6765,-0.4368,74.9
2026-07-03,000300,沪深300,4.6294,1.8195,-1.1336,95.6,12.96,73.68,2.8831,2.651,0.5676,52.92
2026-07-03,000688,科创50,0.4002,3.6608,0.2498,100.0,73.04,24.32,-1.3461,0.2292,-1.2636,83.6
2026-07-03,000852,中证1000,2.0539,1.2557,-0.1123,92.48,40.24,61.92,0.3076,1.1761,-0.4841,52.38
2026-07-03,000905,中证500,2.9508,0.7975,1.4189,92.8,87.52,14.0,1.2045,1.6897,-0.141,85.9
2026-07-03,000922,中证红利,9.0784,0.9154,-1.1032,79.92,9.52,15.44,7.3321,5.1987,2.8274,61.42
2026-07-03,000985,中证全指,0.7907,1.1222,0.3281,94.48,67.2,34.16,-0.9556,0.4528,-0.6537,72.78
2026-07-03,399001,深证成指,2.0113,0.3855,0.6444,95.76,74.0,35.36,0.265,1.1517,-0.3295,78.16
2026-07-03,399006,创业板指,1.3027,3.5024,1.1061,99.6,84.8,34.8,-0.4436,0.746,-0.9428,84.92
2026-07-06,000001,上证指数,1.166,1.7529,-0.0845,95.12,38.8,24.24,-0.5719,0.6709,-0.4319,75.34
2026-07-06,000300,沪深300,4.5542,1.9873,-1.0411,96.8,16.88,69.68,2.8163,2.6205,0.5485,55.76
2026-07-06,000688,科创50,0.3835,3.8727,0.1951,100.0,70.64,24.88,-1.3544,0.2207,-1.2474,82.92
2026-07-06,000852,中证1000,2.0481,1.2768,-0.1182,92.72,40.16,61.52,0.3102,1.1785,-0.478,52.44
2026-07-06,000905,中证500,2.9441,0.8066,1.4498,93.04,88.32,12.4,1.2062,1.6941,-0.1401,86.54
2026-07-06,000922,中证红利,8.9267,1.0544,-0.8885,83.68,13.04,12.4,7.1888,5.1365,2.7521,65.12
2026-07-06,000985,中证全指,0.7826,1.1512,0.2806,94.96,64.32,35.12,-0.9553,0.4503,-0.6441,71.9
2026-07-06,399001,深证成指,1.999,0.3942,0.6534,96.16,74.32,33.76,0.2611,1.1502,-0.3259,78.88
2026-07-06,399006,创业板指,1.3158,3.4141,1.0657,99.36,83.12,35.52,-0.4221,0.7571,-0.931,84.16
2026-07-07,000001,上证指数,1.1779,1.7071,-0.3542,94.64,28.64,33.84,-0.5627,0.6767,-0.4043,70.04
2026-07-07,000300,沪深300,4.6054,1.865,-1.1716,95.84,11.28,74.48,2.8648,2.6459,0.5798,52.48
2026-07-07,000688,科创50,0.3906,3.7451,0.1654,99.92,68.8,25.36,-1.35,0.2244,-1.2457,82.3
2026-07-07,000852,中证1000,2.0924,1.1239,-0.3225,91.52,34.32,66.0,0.3518,1.2021,-0.4496,48.12
2026-07-07,000905,中证500,3.0098,0.7183,1.1974,89.68,84.72,21.76,1.2692,1.7291,-0.1073,81.52
2026-07-07,000922,中证红利,9.0148,0.9715,-1.015,81.76,11.36,14.16,7.2742,5.1792,2.8065,63.16
2026-07-07,000985,中证全指,0.7943,1.1051,0.0335,93.84,48.56,48.08,-0.9463,0.4563,-0.6198,64.08
2026-07-07,399001,深证成指,2.0385,0.3647,0.4605,94.64,65.52,43.28,0.2979,1.1712,-0.2973,73.4
2026-07-07,399006,创业板指,1.3264,3.3422,0.9521,98.96,81.04,40.72,-0.4142,0.762,-0.9174,82.16
2026-07-08,000001,上证指数,1.1862,1.675,-0.4263,94.24,26.4,35.12,-0.5523,0.6823,-0.395,68.78
2026-07-08,000300,沪深300,4.6175,1.8334,-1.1897,95.6,10.64,74.96,2.879,2.656,0.5862,52.08
2026-07-08,000688,科创50,0.3604,4.1761,0.106,100.0,66.24,25.92,-1.3781,0.2073,-1.2404,81.64
2026-07-08,000852,中证1000,2.1209,1.0293,-0.386,90.0,32.32,67.52,0.3824,1.22,-0.4366,45.78
2026-07-08,000905,中证500,3.0469,0.6701,1.1258,87.84,83.76,23.92,1.3084,1.7526,-0.0955,79.64
2026-07-08,000922,中证红利,8.9704,1.0115,-0.9422,82.96,12.48,13.6,7.2319,5.1599,2.793,64.22
2026-07-08,000985,中证全指,0.8075,1.055,-0.0636,92.4,43.36,50.64,-0.931,0.4645,-0.6073,61.08
2026-07-08,399001,深证成指,2.0863,0.3308,0.3572,93.12,61.6,47.2,0.3478,1.2,-0.2781,70.7
2026-07-08,399006,创业板指,1.3573,3.1679,0.876,98.64,78.96,42.64,-0.3812,0.7807,-0.9082,80.62
2026-07-09,000001,上证指数,1.2023,1.6172,-0.4526,93.92,25.92,36.88,-0.5353,0.692,-0.387,67.58
2026-07-09,000300,沪深300,4.6271,1.8077,-1.1967,95.52,9.92,76.24,2.8895,2.6629,0.5968,51.46
2026-07-09,000688,科创50,0.3374,4.5418,0.2231,100.0,71.92,24.32,-1.4002,0.1942,-1.2523,83.52
2026-07-09,000852,中证1000,2.1452,0.9508,-0.4263,88.0,30.96,69.12,0.4076,1.2346,-0.4242,43.5
2026-07-09,000905,中证500,3.0504,0.6656,1.1256,87.68,83.76,24.88,1.3128,1.7555,-0.0885,79.2
2026-07-09,000922,中证红利,9.0785,0.9114,-1.0578,79.52,10.24,15.84,7.3409,5.2247,2.8479,61.26
2026-07-09,000985,中证全指,0.8191,1.012,-0.0828,90.32,42.32,52.96,-0.9185,0.4714,-0.6002,59.18
2026-07-09,399001,深证成指,2.0914,0.3269,0.3412,92.96,61.36,50.24,0.3538,1.2036,-0.2694,69.8
2026-07-09,399006,创业板指,1.3401,3.2438,0.9236,98.72,80.4,41.84,-0.3975,0.7712,-0.9102,81.44
2026-07-10,000001,上证指数,1.2375,1.5004,-0.3322,93.12,29.52,34.64,-0.5023,0.7113,-0.398,67.68
2026-07-10,000300,沪深300,4.6619,1.7265,-1.136,95.2,12.88,74.4,2.9221,2.6795,0.5816,52.3
2026-07-10,000688,科创50,0.372,3.9268,0.2038,99.84,71.36,24.4,-1.3678,0.2138,-1.2523,83.26
2026-07-10,000852,中证1000,2.1588,0.9085,-0.3335,87.04,34.32,67.68,0.419,1.2408,-0.437,44.18
2026-07-10,000905,中证500,3.0614,0.6517,1.1842,87.6,84.56,24.72,1.3216,1.7596,-0.092,79.28
2026-07-10,000922,中证红利,9.073,0.9155,-1.032,79.84,10.96,15.84,7.3332,5.215,2.8464,61.66
2026-07-10,000985,中证全指,0.8453,0.9214,0.0405,88.08,48.8,49.44,-0.8945,0.4859,-0.6124,60.26
2026-07-10,399001,深证成指,2.1252,0.3038,0.4181,92.16,63.44,46.96,0.3854,1.2215,-0.2803,70.62
2026-07-10,399006,创业板指,1.3901,2.9819,0.9524,97.44,81.04,41.36,-0.3497,0.799,-0.9138,80.72
2026-07-13,000001,上证指数,1.2106,1.5838,-0.5675,93.52,21.28,39.52,-0.5336,0.6941,-0.3849,65.56
2026-07-13,000300,沪深300,4.6565,1.7349,-1.2069,95.2,9.6,76.08,2.9123,2.6697,0.5884,51.2
2026-07-13,000688,科创50,0.3503,4.244,0.0356,99.92,62.08,26.56,-1.3939,0.2009,-1.238,80.5
2026-07-13,000852,中证1000,2.1844,0.8291,-0.5,84.16,28.32,69.76,0.4402,1.2524,-0.4227,40.88
2026-07-13,000905,中证500,3.1002,0.6032,0.9852,86.88,81.36,28.72,1.356,1.7775,-0.0755,76.52
2026-07-13,000922,中证红利,9.0086,0.9733,-0.9524,81.92,12.56,15.2,7.2644,5.1649,2.8226,63.38
2026-07-13,000985,中证全指,0.8346,0.9559,-0.2391,88.88,31.92,58.4,-0.9096,0.4785,-0.5918,54.56
2026-07-13,399001,深证成指,2.1617,0.2798,0.2047,91.6,55.12,56.32,0.4175,1.2393,-0.2568,65.58
2026-07-13,399006,创业板指,1.451,2.6931,0.7439,96.48,76.16,45.52,-0.2932,0.8319,-0.8951,77.62
2026-07-14,000001,上证指数,1.1958,1.6298,-0.4146,94.08,26.72,34.32,-0.5444,0.6872,-0.3996,68.66
2026-07-14,000300,沪深300,4.5869,1.8872,-1.1098,96.24,13.76,72.24,2.8467,2.6359,0.5629,53.96
2026-07-14,000688,科创50,0.3536,4.1561,0.0257,99.84,61.6,26.4,-1.3866,0.2032,-1.2347,80.38
2026-07-14,000852,中证1000,2.1509,0.9375,-0.4064,87.76,32.0,68.0,0.4107,1.236,-0.4351,43.92
2026-07-14,000905,中证500,3.0533,0.6626,1.1258,87.84,83.68,24.08,1.3131,1.7546,-0.0949,79.46
2026-07-14,000922,中证红利,8.8916,1.0813,-0.8134,84.32,14.88,12.4,7.1514,5.1095,2.7609,66.12
2026-07-14,000985,中证全指,0.8207,1.0022,-0.0937,90.16,41.36,51.84,-0.9195,0.4716,-0.6056,59.34
2026-07-14,399001,深证成指,2.114,0.3105,0.3104,92.32,60.4,49.04,0.3738,1.2148,-0.2743,69.54
2026-07-14,399006,创业板指,1.4384,2.7431,0.7683,96.48,77.04,44.72,-0.3018,0.8266,-0.8948,78.1
2026-07-15,000001,上证指数,1.1954,1.6279,-0.3064,94.08,30.96,30.64,-0.5452,0.6868,-0.4148,70.68
2026-07-15,000300,沪深300,4.5369,1.9977,-0.9794,97.04,19.6,65.12,2.7963,2.6065,0.5247,57.96
2026-07-15,000688,科创50,0.3613,4.0007,0.0133,99.68,60.8,26.08,-1.3793,0.2076,-1.2371,80.2
2026-07-15,000852,中证1000,2.1343,0.9931,-0.3057,89.04,35.2,64.96,0.3937,1.2262,-0.4538,46.56
2026-07-15,000905,中证500,3.0299,0.6929,1.2392,88.96,85.12,19.28,1.2893,1.7407,-0.1142,81.84
2026-07-15,000922,中证红利,8.762,1.2039,-0.6452,86.48,21.44,10.16,7.0214,5.0339,2.6941,69.5
2026-07-15,000985,中证全指,0.8171,1.0133,0.0003,90.64,47.36,47.76,-0.9235,0.4694,-0.6196,62.18
2026-07-15,399001,深证成指,2.0968,0.3217,0.422,92.72,63.76,42.08,0.3562,1.2047,-0.3002,72.44
2026-07-15,399006,创业板指,1.4375,2.7407,0.8248,96.48,78.24,41.68,-0.3031,0.8259,-0.9127,79.18
2026-07-16,000001,上证指数,1.2173,1.5527,-0.3461,93.28,29.12,32.8,-0.5264,0.6981,-0.4132,68.88
2026-07-16,000300,沪深300,4.6193,1.8052,-1.0317,95.36,17.04,67.84,2.8756,2.6492,0.5342,55.5
2026-07-16,000688,科创50,0.3503,4.149,-0.0241,99.92,58.64,25.76,-1.3934,0.2009,-1.2439,79.88
2026-07-16,000852,中证1000,2.1605,0.9097,-0.3253,86.96,34.64,65.36,0.4168,1.239,-0.4545,44.88
2026-07-16,000905,中证500,3.058,0.6569,1.1839,87.84,84.56,21.04,1.3143,1.7538,-0.1107,80.4
2026-07-16,000922,中证红利,8.8411,1.1263,-0.7235,85.04,17.84,10.96,7.0974,5.0703,2.7166,67.66
2026-07-16,000985,中证全指,0.8365,0.9449,-0.0168,88.48,46.08,48.0,-0.9072,0.4797,-0.6204,60.56
2026-07-16,399001,深证成指,2.1374,0.2943,0.3969,91.84,62.88,42.88,0.3937,1.2258,-0.2998,71.3
2026-07-16,399006,创业板指,1.4794,2.5531,0.8117,96.08,78.0,41.36,-0.2643,0.8484,-0.917,78.56
2026-07-17,000001,上证指数,1.2203,1.5398,-0.6743,93.04,19.52,42.88,-0.5201,0.7012,-0.3749,63.66
2026-07-17,000300,沪深300,4.6371,1.7618,-1.1186,94.96,13.28,72.08,2.8967,2.6644,0.5617,53.22
2026-07-17,000688,科创50,0.419,3.1691,-0.1599,99.2,49.44,28.24,-1.3214,0.2407,-1.2174,76.38
2026-07-17,000852,中证1000,2.22,0.7255,-0.5835,80.4,26.08,70.4,0.4796,1.2755,-0.4117,38.48
2026-07-17,000905,中证500,3.1306,0.5667,0.9562,86.32,80.96,28.72,1.3902,1.7988,-0.0716,75.58
2026-07-17,000922,中证红利,8.8609,1.1061,-0.749,84.64,16.64,11.44,7.1205,5.0913,2.7385,67.0
2026-07-17,000985,中证全指,0.8412,0.9279,-0.3349,87.92,27.36,60.08,-0.8992,0.4833,-0.5836,52.4
2026-07-17,399001,深证成指,2.1887,0.2613,0.1582,91.12,52.72,54.96,0.4483,1.2576,-0.2589,64.62
2026-07-17,399006,创业板指,1.5463,2.2787,0.5663,95.68,70.48,46.08,-0.1941,0.8885,-0.8828,75.04
2026-07-20,000001,上证指数,1.1887,1.6415,-0.7428,94.16,18.88,42.24,-0.5566,0.6811,-0.3811,65.22
2026-07-20,000300,沪深300,4.5247,2.0129,-0.9216,97.44,21.6,59.84,2.7794,2.5925,0.4982,60.2
2026-07-20,000688,科创50,0.4078,3.2863,-0.0484,99.2,57.44,25.92,-1.3375,0.2337,-1.242,79.08
2026-07-20,000852,中证1000,2.209,0.7605,-0.5496,82.0,27.12,69.52,0.4637,1.2657,-0.4278,39.5
2026-07-20,000905,中证500,3.082,0.627,1.0982,87.28,82.88,23.36,1.3367,1.7659,-0.1031,78.76
2026-07-20,000922,中证红利,8.6254,1.3339,-0.4696,89.12,34.16,8.32,6.8801,4.942,2.6236,74.92
2026-07-20,000985,中证全指,0.8287,0.9687,-0.4456,88.96,24.16,63.04,-0.9166,0.4748,-0.5822,51.78
2026-07-20,399001,深证成指,2.1741,0.2701,0.2397,91.28,56.48,47.44,0.4288,1.2457,-0.2834,67.94
2026-07-20,399006,创业板指,1.5501,2.2622,0.5981,95.6,71.68,44.8,-0.1952,0.8881,-0.8986,75.66
2026-07-21,000001,上证指数,1.1696,1.7039,-0.7408,94.8,18.96,42.8,-0.5754,0.6702,-0.3799,65.72
2026-07-21,000300,沪深300,4.5171,2.0256,-0.9264,97.68,21.44,60.24,2.7721,2.5886,0.5002,60.2
2026-07-21,000688,科创50,0.3692,3.7851,0.0736,99.52,64.8,24.64,-1.3758,0.2116,-1.2515,81.54
2026-07-21,000852,中证1000,2.1807,0.8506,-0.4712,84.48,29.44,68.48,0.4357,1.2497,-0.4365,41.74
2026-07-21,000905,中证500,3.0362,0.6856,1.211,89.04,84.96,18.96,1.2912,1.7399,-0.1186,81.92
2026-07-21,000922,中证红利,8.7336,1.2253,-0.6078,87.04,24.24,9.44,6.9886,5.0049,2.6672,70.6
2026-07-21,000985,中证全指,0.8076,1.0412,-0.4211,92.24,24.88,61.92,-0.9374,0.4628,-0.5843,54.02
2026-07-21,399001,深证成指,2.1131,0.3094,0.366,92.32,62.08,42.64,0.3681,1.2109,-0.3015,71.7
2026-07-21,399006,创业板指,1.4839,2.5267,0.7777,95.92,77.28,41.84,-0.2611,0.8504,-0.9155,78.24
2026-07-22,000001,上证指数,1.1807,1.662,-0.7893,94.4,18.48,46.32,-0.549,0.6826,-0.3568,63.78
2026-07-22,000300,沪深300,4.485,2.0958,-0.8483,98.24,23.28,53.84,2.7553,2.5929,0.498,62.58
2026-07-22,000688,科创50,0.4054,3.2776,0.0171,99.12,61.04,26.72,-1.3243,0.2344,-1.2206,79.66
2026-07-22,000852,中证1000,2.2059,0.7735,-0.5322,82.24,27.52,69.52,0.4762,1.2753,-0.4112,39.56
2026-07-22,000905,中证500,3.0421,0.6783,1.2427,88.72,85.12,19.92,1.3124,1.7587,-0.1005,81.18
2026-07-22,000922,中证红利,8.6663,1.2897,-0.5194,88.8,30.24,8.88,6.9366,5.0103,2.6624,73.1
2026-07-22,000985,中证全指,0.8185,1.001,-0.4886,90.32,23.12,65.28,-0.9112,0.4732,-0.5599,51.16
2026-07-22,399001,深证成指,2.1342,0.295,0.3548,91.76,61.76,43.2,0.4045,1.2339,-0.2839,70.82
2026-07-22,399006,创业板指,1.4988,2.4615,0.7233,95.76,75.68,43.04,-0.2309,0.8665,-0.8974,77.24
2026-07-23,000001,上证指数,1.1801,1.6607,-0.6145,94.4,20.56,38.48,-0.5524,0.6811,-0.3786,66.48
2026-07-23,000300,沪深300,4.4358,2.2072,-0.7767,99.12,25.92,47.76,2.7033,2.5604,0.4772,65.58
2026-07-23,000688,科创50,0.4297,2.9817,0.0216,98.72,61.36,26.32,-1.3028,0.248,-1.2266,79.54
2026-07-23,000852,中证1000,2.1799,0.857,-0.4222,84.88,31.36,67.6,0.4474,1.2582,-0.4278,42.14
2026-07-23,000905,中证500,3.0084,0.7224,1.3457,90.56,86.32,15.12,1.2759,1.7364,-0.1179,83.94
2026-07-23,000922,中证红利,8.5963,1.3577,-0.4263,89.68,37.52,7.84,6.8638,4.9618,2.6208,76.14
2026-07-23,000985,中证全指,0.8163,1.0071,-0.314,90.72,28.8,57.92,-0.9162,0.4712,-0.5808,54.68
2026-07-23,399001,深证成指,2.1014,0.3165,0.4489,92.64,64.72,39.68,0.3689,1.2129,-0.2976,73.2
2026-07-23,399006,创业板指,1.474,2.5626,0.7313,96.08,75.92,42.8,-0.2585,0.8508,-0.9003,77.72
2026-07-24,000001,上证指数,1.1988,1.5943,-0.8717,93.52,17.36,51.2,-0.5294,0.6936,-0.3431,61.4
2026-07-24,000300,沪深300,4.4993,2.051,-0.948,97.92,20.64,62.96,2.7711,2.6035,0.5273,59.4
2026-07-24,000688,科创50,0.423,3.0423,-0.0722,98.8,55.76,27.52,-1.3052,0.2448,-1.2092,77.94
2026-07-24,000852,中证1000,2.2306,0.7014,-0.6554,79.36,23.92,71.6,0.5024,1.2907,-0.3875,37.14
2026-07-24,000905,中证500,3.0894,0.6186,1.0405,87.2,81.6,26.56,1.3612,1.7876,-0.0699,77.1
2026-07-24,000922,中证红利,8.6815,1.2711,-0.5574,88.32,27.36,9.36,6.9533,5.0234,2.681,71.96
2026-07-24,000985,中证全指,0.8318,0.952,-0.5555,88.48,21.44,67.84,-0.8964,0.4813,-0.5462,49.02
2026-07-24,399001,深证成指,2.1534,0.2818,0.1795,91.36,53.76,53.52,0.4252,1.2461,-0.2509,65.84
2026-07-24,399006,创业板指,1.5054,2.4291,0.555,95.6,70.32,46.0,-0.2228,0.8711,-0.8716,75.1
2026-07-27,000001,上证指数,1.2074,1.5627,-0.6546,93.04,20.08,41.28,-0.5263,0.6964,-0.3712,64.32
2026-07-27,000300,沪深300,4.4914,2.0643,-0.888,98.08,22.56,59.76,2.7577,2.5906,0.5102,60.9
2026-07-27,000688,科创50,0.41,3.1773,-0.0048,98.96,59.44,26.16,-1.3237,0.2365,-1.228,79.4
2026-07-27,000852,中证1000,2.1933,0.8181,-0.4675,83.76,29.76,68.56,0.4596,1.2651,-0.4216,40.98
2026-07-27,000905,中证500,3.04,0.6816,1.2164,88.96,84.88,20.32,1.3063,1.7535,-0.1026,81.34
2026-07-27,000922,中证红利,8.6524,1.2982,-0.4898,88.8,32.88,8.24,6.9187,4.9907,2.6488,74.22
2026-07-27,000985,中证全指,0.832,0.9501,-0.3308,88.32,28.0,59.92,-0.9017,0.4799,-0.5766,52.86
2026-07-27,399001,深证成指,2.1145,0.307,0.3604,92.0,62.0,43.6,0.3808,1.2197,-0.2847,71.22
2026-07-27,399006,创业板指,1.4702,2.5737,0.6955,96.08,74.8,43.2,-0.2635,0.848,-0.8997,77.42
2026-07-28,000001,上证指数,1.2221,1.5122,-0.6631,92.4,20.0,41.12,-0.513,0.7043,-0.3731,63.64
2026-07-28,000300,沪深300,4.5069,2.0231,-0.8888,97.6,22.48,58.4,2.7718,2.5975,0.5056,60.92
2026-07-28,000688,科创50,0.4343,2.8919,-0.0587,98.48,56.48,26.88,-1.3008,0.2503,-1.2247,78.08
2026-07-28,000852,中证1000,2.2306,0.7043,-0.4947,79.36,28.64,68.88,0.4955,1.2856,-0.4196,39.1
2026-07-28,000905,中证500,3.0811,0.6295,1.1198,87.52,83.28,23.68,1.346,1.7758,-0.0906,78.74
2026-07-28,000922,中证红利,8.6214,1.3271,-0.4402,89.04,36.4,7.84,6.8863,4.9688,2.6251,75.58
2026-07-28,000985,中证全指,0.8522,0.8819,-0.3415,86.0,27.12,60.16,-0.8829,0.4911,-0.5773,51.3
2026-07-28,399001,深证成指,2.1611,0.2763,0.2891,90.96,59.12,45.84,0.426,1.2455,-0.2774,69.0
2026-07-28,399006,创业板指,1.5233,2.3533,0.5944,95.28,71.52,44.4,-0.2118,0.8779,-0.8908,75.66
2026-07-29,000001,上证指数,1.2029,1.5715,-0.4926,93.2,24.8,34.24,-0.53,0.6942,-0.3953,67.46
2026-07-29,000300,沪深300,4.4876,2.0629,-0.7801,98.08,25.84,49.52,2.7547,2.5897,0.4834,64.36
2026-07-29,000688,科创50,0.4237,2.9936,0.0259,98.64,61.6,24.4,-1.3092,0.2445,-1.2374,80.2
2026-07-29,000852,中证1000,2.1792,0.8655,-0.324,85.2,35.28,63.92,0.4463,1.2576,-0.4481,44.24
2026-07-29,000905,中证500,3.0132,0.7168,1.3392,90.64,86.24,13.2,1.2803,1.7388,-0.1251,84.32
2026-07-29,000922,中证红利,8.5321,1.4151,-0.2887,91.44,48.72,5.84,6.7992,4.9236,2.5645,80.42
2026-07-29,000985,中证全指,0.8378,0.9278,-0.1905,87.84,35.68,51.84,-0.8951,0.4835,-0.5964,56.4
2026-07-29,399001,深证成指,2.1289,0.2968,0.4697,91.6,66.32,38.16,0.396,1.2285,-0.3022,73.36
2026-07-29,399006,创业板指,1.5027,2.4331,0.6801,95.52,74.4,44.0,-0.2302,0.8672,-0.8922,76.66
2026-07-30,000001,上证指数,1.1886,1.6161,-0.5326,93.92,22.88,34.24,-0.531,0.6912,-0.3822,67.18
2026-07-30,000300,沪深300,4.4538,2.137,-0.6788,98.8,27.68,42.24,2.7342,2.59,0.4721,67.08
2026-07-30,000688,科创50,0.4339,2.8717,0.0075,98.4,60.16,24.16,-1.2857,0.2523,-1.2251,79.52
2026-07-30,000852,中证1000,2.1762,0.8762,-0.3338,85.84,34.64,63.44,0.4566,1.2655,-0.438,44.12
2026-07-30,000905,中证500,3.0189,0.7093,1.3147,90.16,85.84,12.24,1.2993,1.7556,-0.1158,84.02
2026-07-30,000922,中证红利,8.4099,1.5388,-0.1158,94.88,56.8,3.6,6.6903,4.8906,2.5139,84.64
2026-07-30,000985,中证全指,0.8334,0.9409,-0.264,88.24,30.72,53.36,-0.8862,0.4847,-0.5796,54.54
2026-07-30,399001,深证成指,2.1469,0.2847,0.4578,91.28,65.36,37.36,0.4273,1.2485,-0.2925,72.74
2026-07-30,399006,创业板指,1.5348,2.3023,0.6189,95.12,72.32,44.32,-0.1848,0.8925,-0.8753,75.76
2026-07-31,000001,上证指数,1.2002,1.5743,-0.3847,93.36,28.24,30.8,-0.5139,0.7002,-0.3879,68.5
2026-07-31,000300,沪深300,4.4676,2.0988,-0.6749,98.56,27.76,43.44,2.7535,2.6064,0.4844,66.5
2026-07-31,000688,科创50,0.4235,2.971,0.0322,98.64,62.0,24.0,-1.2906,0.2471,-1.2209,80.16
2026-07-31,000852,中证1000,2.1561,0.9421,-0.2314,88.4,38.64,62.32,0.442,1.2579,-0.4425,46.54
2026-07-31,000905,中证500,3.0008,0.7331,1.3988,91.28,87.92,10.32,1.2867,1.7506,-0.1198,85.62
2026-07-31,000922,中证红利,8.4509,1.4936,-0.1431,93.92,55.84,4.08,6.7368,4.9302,2.5378,83.78
2026-07-31,000985,中证全指,0.8391,0.9205,-0.1051,87.68,40.88,48.08,-0.875,0.4895,-0.5881,57.88
2026-07-31,399001,深证成指,2.1298,0.2955,0.5588,91.52,70.4,33.84,0.4157,1.2425,-0.2977,75.12
2026-07-31,399006,创业板指,1.5101,2.3974,0.7591,95.28,77.28,42.24,-0.204,0.881,-0.8823,77.66
2026-08-03,000001,上证指数,1.2175,1.5151,-0.2492,92.4,33.44,27.04,-0.4994,0.7091,-0.4009,69.94
2026-08-03,000300,沪深300,4.4968,2.0255,-0.6599,97.76,27.92,46.0,2.7799,2.6191,0.4885,65.3
2026-08-03,000688,科创50,0.4843,2.3786,0.0414,97.6,62.64,24.48,-1.2326,0.2821,-1.2209,79.02
2026-08-03,000852,中证1000,2.1491,0.9661,-0.1383,89.04,41.12,60.32,0.4322,1.2517,-0.4549,48.08
2026-08-03,000905,中证500,3.0023,0.7309,1.466,91.2,88.96,9.52,1.2854,1.7487,-0.1324,86.1
2026-08-03,000922,中证红利,8.4485,1.4937,-0.1114,93.92,57.04,3.68,6.7316,4.9208,2.5299,84.2
2026-08-03,000985,中证全指,0.8532,0.8732,0.0274,85.6,48.32,45.2,-0.8637,0.4969,-0.601,59.56
2026-08-03,399001,深证成指,2.1491,0.2825,0.6157,91.12,73.44,32.24,0.4322,1.2517,-0.3048,75.88
2026-08-03,399006,创业板指,1.5377,2.2859,0.7102,94.96,75.36,43.36,-0.1792,0.8956,-0.8797,76.64
2026-08-04,000001,上证指数,1.2307,1.4702,-0.2223,91.92,34.16,27.92,-0.4819,0.7186,-0.3939,69.46
2026-08-04,000300,沪深300,4.5329,1.9378,-0.7773,96.4,25.68,55.68,2.8203,2.6468,0.5191,61.44
2026-08-04,000688,科创50,0.4828,2.3839,0.0604,97.68,64.08,25.2,-1.2298,0.2819,-1.2128,79.2
2026-08-04,000852,中证1000,2.147,0.9739,-0.1201,89.2,41.52,60.56,0.4344,1.2536,-0.4501,48.1
2026-08-04,000905,中证500,3.0036,0.7289,1.4377,90.96,88.48,10.16,1.291,1.7538,-0.12,85.6
2026-08-04,000922,中证红利,8.6258,1.3119,-0.3477,88.56,44.0,7.36,6.9132,5.0367,2.6215,77.18
2026-08-04,000985,中证全指,0.8569,0.8598,0.0871,84.96,51.12,44.16,-0.8557,0.5004,-0.5991,60.0
2026-08-04,399001,深证成指,2.1206,0.3008,0.6226,91.84,73.68,32.88,0.408,1.2382,-0.2979,76.46
2026-08-04,399006,创业板指,1.4966,2.4467,0.8184,95.6,78.96,40.88,-0.216,0.8738,-0.884,78.56
2026-08-05,000001,上证指数,1.2302,1.4693,-0.1577,91.92,36.08,26.72,-0.4835,0.7178,-0.3995,70.24
2026-08-05,000300,沪深300,4.529,1.942,-0.7851,96.48,25.36,55.76,2.8153,2.6428,0.519,61.48
2026-08-05,000688,科创50,0.4695,2.4914,0.1076,97.84,67.12,24.88,-1.2442,0.2739,-1.2156,80.32
2026-08-05,000852,中证1000,2.1347,1.0153,-0.0668,90.16,42.56,59.2,0.421,1.2457,-0.4568,49.36
2026-08-05,000905,中证500,2.9912,0.745,1.4787,91.6,89.2,9.84,1.2775,1.7455,-0.1233,86.34
2026-08-05,000922,中证红利,8.6903,1.2467,-0.4424,87.36,35.6,7.84,6.9766,5.0711,2.6477,74.0
2026-08-05,000985,中证全指,0.8517,0.8751,0.1647,86.0,55.04,40.32,-0.862,0.497,-0.6071,62.52
2026-08-05,399001,深证成指,2.1026,0.3124,0.6908,92.48,76.72,31.76,0.3889,1.227,-0.3058,78.0
2026-08-05,399006,创业板指,1.4558,2.6138,0.9247,96.24,81.28,37.6,-0.2579,0.8495,-0.8961,80.54
2026-08-06,000001,上证指数,1.2151,1.5146,-0.135,92.56,36.8,26.96,-0.4992,0.7088,-0.3995,70.82
2026-08-06,000300,沪深300,4.5249,1.9468,-0.8047,96.56,24.72,57.44,2.8106,2.6395,0.5226,61.02
2026-08-06,000688,科创50,0.4592,2.5761,0.0698,98.0,64.48,25.28,-1.2551,0.2678,-1.2134,79.78
2026-08-06,000852,中证1000,2.1466,0.9767,-0.112,89.28,41.76,60.96,0.4323,1.2522,-0.4493,48.16
2026-08-06,000905,中证500,3.0066,0.7244,1.4273,90.64,88.24,11.2,1.2923,1.7538,-0.1156,85.14
2026-08-06,000922,中证红利,8.6648,1.2699,-0.3781,88.24,41.04,7.44,6.9505,5.0544,2.636,75.86
2026-08-06,000985,中证全指,0.8622,0.8405,0.1819,84.16,56.16,40.48,-0.8521,0.5029,-0.607,61.94
2026-08-06,399001,深证成指,2.1239,0.2978,0.6316,91.6,73.92,34.08,0.4096,1.2389,-0.2967,76.14
2026-08-06,399006,创业板指,1.4574,2.6021,0.8695,96.16,80.0,39.28,-0.2569,0.8502,-0.8907,79.76
2026-08-07,000001,上证指数,1.2039,1.5479,-0.1167,92.88,37.76,26.64,-0.5075,0.7035,-0.3979,71.6
2026-08-07,000300,沪深300,4.5266,1.9382,-0.8007,96.48,24.88,57.28,2.8152,2.645,0.5252,61.0
2026-08-07,000688,科创50,0.5494,1.8727,0.1433,93.68,68.16,25.12,-1.162,0.321,-1.211,78.02
2026-08-07,000852,中证1000,2.1375,1.0075,-0.1009,90.08,42.0,60.56,0.4261,1.249,-0.4483,48.68
2026-08-07,000905,中证500,3.0002,0.7327,1.4511,91.2,88.64,10.32,1.2888,1.7531,-0.1153,85.76
2026-08-07,000922,中证红利,8.7131,1.2211,-0.4493,86.56,35.04,8.08,7.0017,5.0912,2.6667,73.5
2026-08-07,000985,中证全指,0.8488,0.882,0.207,86.48,58.24,38.72,-0.8626,0.496,-0.6076,63.9
2026-08-07,399001,深证成指,2.0959,0.3162,0.6572,92.72,75.36,31.76,0.3845,1.2247,-0.3021,77.84
2026-08-07,399006,创业板指,1.4516,2.622,0.9615,96.24,82.08,36.24,-0.2598,0.8482,-0.8981,81.14
2026-08-10,000001,上证指数,1.1996,1.5594,0.0355,93.36,44.72,20.64,-0.5078,0.7026,-0.4159,74.96
2026-08-10,000300,沪深300,4.4894,2.0192,-0.7382,97.84,27.04,48.56,2.782,2.6294,0.507,64.48
2026-08-10,000688,科创50,0.5476,1.8802,0.1469,93.68,68.32,23.68,-1.1598,0.3207,-1.2132,78.34
2026-08-10,000852,中证1000,2.1154,1.0802,-0.0212,91.92,44.08,54.32,0.408,1.239,-0.4666,51.86
2026-08-10,000905,中证500,2.974,0.7666,1.5493,92.16,90.88,8.88,1.2666,1.7418,-0.126,87.36
2026-08-10,000922,中证红利,8.6493,1.2816,-0.3425,88.32,44.16,7.2,6.9419,5.0658,2.6329,76.8
2026-08-10,000985,中证全指,0.8484,0.882,0.3562,86.56,69.44,29.76,-0.859,0.4969,-0.6213,68.8
2026-08-10,399001,深证成指,2.0718,0.3321,0.7465,93.44,78.4,29.84,0.3644,1.2135,-0.3093,79.58
2026-08-10,399006,创业板指,1.4337,2.6909,0.9888,96.56,82.56,33.76,-0.2737,0.8397,-0.8999,82.22
2026-08-11,000001,上证指数,1.2207,1.4882,-0.019,91.84,41.44,22.48,-0.4954,0.7113,-0.4178,72.82
2026-08-11,000300,沪深300,4.5469,1.8843,-0.8093,95.52,24.24,53.84,2.8308,2.6496,0.5124,61.28
2026-08-11,000688,科创50,0.5366,1.9487,0.1221,94.8,67.44,21.44,-1.1795,0.3127,-1.2431,79.3
2026-08-11,000852,中证1000,2.1294,1.0315,-0.0618,90.8,42.8,57.6,0.4133,1.2408,-0.4645,50.26
2026-08-11,000905,中证500,3.0062,0.7224,1.478,90.56,89.28,11.44,1.2901,1.7518,-0.1164,85.38
2026-08-11,000922,中证红利,8.6699,1.2595,-0.3832,87.76,40.24,7.92,6.9538,5.0521,2.658,75.36
2026-08-11,000985,中证全指,0.8657,0.8253,0.3037,83.28,65.68,34.32,-0.8504,0.5045,-0.6213,65.56
2026-08-11,399001,深证成指,2.1114,0.3047,0.6705,92.08,75.68,34.56,0.3953,1.2303,-0.2975,76.82
2026-08-11,399006,创业板指,1.4709,2.5216,0.9708,95.68,82.32,34.64,-0.2452,0.8571,-0.9074,81.34
2026-08-12,000001,上证指数,1.2458,1.4072,0.0639,91.2,46.16,21.52,-0.4683,0.7268,-0.4198,73.48
2026-08-12,000300,沪深300,4.5733,1.8221,-0.79,95.04,25.28,52.8,2.8592,2.668,0.5126,61.38
2026-08-12,000688,科创50,0.5495,1.8601,0.1445,93.44,68.16,21.44,-1.1646,0.3206,-1.2397,78.92
2026-08-12,000852,中证1000,2.1354,1.0096,-0.0129,90.08,44.56,57.92,0.4213,1.2458,-0.4617,50.2
2026-08-12,000905,中证500,3.0122,0.7133,1.5247,90.08,90.56,10.88,1.2981,1.7573,-0.1171,85.48
2026-08-12,000922,中证红利,8.6983,1.2301,-0.4022,86.72,38.56,8.08,6.9842,5.0745,2.6669,74.46
2026-08-12,000985,中证全指,0.8847,0.7659,0.3953,81.2,70.96,31.36,-0.8294,0.5161,-0.625,66.76
2026-08-12,399001,深证成指,2.116,0.3011,0.7213,91.6,77.76,32.8,0.4019,1.2345,-0.2988,77.52
2026-08-12,399006,创业板指,1.4536,2.5864,0.9975,96.08,82.8,33.12,-0.2605,0.848,-0.9083,82.1
2026-08-13,000001,上证指数,1.2423,1.4155,-0.0407,91.28,40.72,24.24,-0.4609,0.7294,-0.3985,71.28
2026-08-13,000300,沪深300,4.5826,1.798,-0.8554,94.8,23.04,59.6,2.8794,2.6906,0.5404,58.9
2026-08-13,000688,科创50,0.546,1.8783,0.0754,93.6,64.4,22.0,-1.1572,0.3206,-1.2228,77.7
2026-08-13,000852,中证1000,2.1508,0.9574,-0.093,88.48,42.24,60.64,0.4476,1.2628,-0.4394,47.58
2026-08-13,000905,中证500,3.0296,0.6895,1.4209,88.8,88.0,13.92,1.3264,1.7788,-0.0927,83.1
2026-08-13,000922,中证红利,8.7516,1.1768,-0.4663,85.28,33.6,9.52,7.0484,5.1383,2.7117,72.24
2026-08-13,000985,中证全指,0.881,0.7757,0.2905,81.84,64.88,37.12,-0.8222,0.5173,-0.604,63.86
2026-08-13,399001,深证成指,2.1252,0.2945,0.623,91.12,73.44,38.24,0.422,1.2478,-0.2721,74.54
2026-08-13,399006,创业板指,1.4789,2.4713,0.919,95.44,81.12,36.8,-0.2243,0.8683,-0.8883,80.18
2026-08-14,000001,上证指数,1.2294,1.4529,-0.0738,91.6,39.76,25.84,-0.4738,0.7218,-0.3931,71.06
2026-08-14,000300,沪深300,4.5841,1.7915,-0.9007,94.72,21.76,62.88,2.8809,2.6914,0.5522,57.74
2026-08-14,000688,科创50,0.5401,1.9132,0.082,94.4,64.72,21.92,-1.1631,0.3171,-1.2237,78.2
2026-08-14,000852,中证1000,2.1526,0.9501,-0.1324,88.32,41.2,62.16,0.4494,1.2639,-0.4322,46.84
2026-08-14,000905,中证500,3.0425,0.6718,1.3572,88.0,86.4,17.36,1.3393,1.7863,-0.0806,81.2
2026-08-14,000922,中证红利,8.7808,1.1472,-0.4883,84.48,31.76,9.84,7.0776,5.1555,2.7284,71.32
2026-08-14,000985,中证全指,0.8691,0.8108,0.2676,83.04,62.96,38.24,-0.8341,0.5103,-0.6006,63.56
2026-08-14,399001,深证成指,2.1185,0.2984,0.566,91.44,70.32,40.96,0.4153,1.2438,-0.2631,73.28
2026-08-14,399006,创业板指,1.4681,2.5081,0.9285,95.68,81.36,36.24,-0.2351,0.862,-0.8896,80.6
